{"position":{"x":0.7107258439064026,"y":0.33391401171684267,"z":0.0}}